filename,mtime
20090313.zip,1504108619
20090403.zip,1504108620
20090409.zip,1504108624
20090424.zip,1718923316
20090515.zip,1504108630
20090529.zip,1504108633
20090605.zip,1504108637
20090612.zip,1504108640
20090626.zip,1504108645
20090703.zip,1504108649
20090814.zip,1504108651
20090821.zip,1504108654
20091002.zip,1718923316
20091106.zip,1504108662
20091211.zip,1504108666
20100115.zip,1504108670
20100312.zip,1504108674
20100611.zip,1504108678
20100625.zip,1504108681
20100820.zip,1504108685
20100903.zip,1504108688
20101015.zip,1504108692
20101119.zip,1504108695
20101203.zip,1504108699
20101231.zip,1504108702
20110107.zip,1504108706
20110308.zip,1504108709
20110318.zip,1504108713
20110325.zip,1504108718
20110411.zip,1504108720
20110611.zip,1504108724
20110818.zip,1504108727
20110909.zip,1504108732
20111110.zip,1504108736
20111117.zip,1504108739
20111216.zip,1504108743
20120106.zip,1504108747
20120127.zip,1504108751
20120309.zip,1504108758
20120328.zip,1504108762
20120413.zip,1504108765
20120615.zip,1504108772
20120622.zip,1504108775
20120817.zip,1504108778
20120924.zip,1504108782
20121019.zip,1504108786
20121031.zip,1504108790
20121214.zip,1504108793
20130308.zip,1504108797
20130425.zip,1504108801
20130503.zip,1504108806
20130607.zip,1504108808
20130621.zip,1504108812
20130625.zip,1504108816
20130816.zip,1504108819
20131004.zip,1504108823
20131101.zip,1504108827
20131115.zip,1504108836
20131213.zip,1504108840
20140110.zip,1504108844
20140122.zip,1504108848
20140307.zip,1504108852
20140404.zip,1504108856
20140530.zip,1504108860
20140606.zip,1504108868
20140725.zip,1504108875
20140815.zip,1504108879
20141120.zip,1504108882
20141212.zip,1504108886
20150219.zip,1504108891
20150227.zip,1504108895
20150312.zip,1504108901
20150320.zip,1504108904
20150417.zip,1504108908
20150424.zip,1504108913
20150605.zip,1504108918
20150618.zip,1504108922
20150821.zip,1504108926
20151127.zip,1504108931
20151201.zip,1504108935
20151211.zip,1504108939
20160309.zip,1504108945
20160513.zip,1504108948
20160615.zip,1504108952
20160819.zip,1504108956
20160922.zip,1504108960
20161103.zip,1504108963
20170202.zip,1504108967
20170228.zip,1556658142
20170313.zip,1556658088
20170315.zip,1504108977
20170407.zip,1504108981
20170411.zip,1504108986
20170421.zip,1504108991
20170427.zip,1504108995
20170503.zip,1504109001
20170509.zip,1504109004
20170517.zip,1504109006
20170608.zip,1504109010
20170622.zip,1504109017
20170629.zip,1504109020
20170704.zip,1504109022
20170706.zip,1504109030
20170713.zip,1718923316
20170717.zip,1718923316
20170719.zip,1709064471
20170801.zip,1504109038
20170802.zip,1504109042
20170809.zip,1504109045
20170814.zip,1504109049
20170817.zip,1504109052
20170824.zip,1504109056
20170829.zip,1504109060
20170906.zip,1718923316
20170913.zip,1718923317
20170919.zip,1718923317
20171003.zip,1718923318
20171011.zip,1718923319
20171012.zip,1718923319
20171020.zip,1718923319
20171031.zip,1718923320
20171101.zip,1718923320
20171108.zip,1718923320
20171110.zip,1718923321
20171113.zip,1718923321
20171114.zip,1718923321
20171123.zip,1718923322
20171130.zip,1718923322
20171201.zip,1718923322
20171206.zip,1718923322
20171214.zip,1718923323
20171227.zip,1719350874
20180104.zip,1718923324
20180109.zip,1718923324
20180118.zip,1718923325
20180216.zip,1523047407
20180301.zip,1709064472
20180305.zip,1709064474
20180306.zip,1709064476
20180307.zip,1709064478
20180309.zip,1709064468
20180323.zip,1709064468
20180328.zip,1523389828
20180403.zip,1524079999
20180411.zip,1536686018
20180412.zip,1536686160
20180419.zip,1536689943
20180427.zip,1536690035
20180503.zip,1536690352
20180508.zip,1536690702
20180511.zip,1536690825
20180516.zip,1536690987
20180525.zip,1536691052
20180526.zip,1536691208
20180531.zip,1536691319
20180607.zip,1536691393
20180612.zip,1536691469
20180621.zip,1536691543
20180626.zip,1536691742
20180630.zip,1536691942
20180706.zip,1536692136
20180713.zip,1536692355
20180719.zip,1536692593
20180723.zip,1536692725
20180726.zip,1536692812
20180727.zip,1536692907
20180802.zip,1536693009
20180803.zip,1536693081
20180809.zip,1536693183
20180817.zip,1536693751
20180823.zip,1536693845
20180824.zip,1536694170
20180830.zip,1538075643
20180906.zip,1538075733
20180907.zip,1538075830
20180913.zip,1538075906
20180920.zip,1539366621
20180929.zip,1539366824
20180930.zip,1539438280
20181003.zip,1539445229
20181004.zip,1539445481
20181025.zip,1541516538
20181030.zip,1541619667
20181031.zip,1542309335
20181108.zip,1542662978
20181112.zip,1543330218
20181113.zip,1543519124
20181122.zip,1543941257
20181127.zip,1544039026
20181128.zip,1544472928
20181203.zip,1544814935
20181206.zip,1545324837
20181213.zip,1545919179
20181219.zip,1545956559
20181220.zip,1546457591
20181226.zip,1546612999
20181228.zip,1546890886
20181231.zip,1547056858
20190102.zip,1547160912
20190103.zip,1547480332
20190107.zip,1547735951
20190109.zip,1547749411
20190110.zip,1547836574
20190111.zip,1548184528
20190115.zip,1548365274
20190117.zip,1548863645
20190123.zip,1548953964
20190124.zip,1549047401
20190125.zip,1549310777
20190128.zip,1549902126
20190204.zip,1550158689
20190206.zip,1550776622
20190214.zip,1551041892
20190217.zip,1551375913
20190220.zip,1551457290
20190222.zip,1551973172
20190227.zip,1551983983
20190228.zip,1552326576
20190304.zip,1552572846
20190307.zip,1552788998
20190309.zip,1553214834
20190315.zip,1553802687
20190321.zip,1554091609
20190324.zip,1554384743
20190328.zip,1554685372
20190331.zip,1554770527
20190401.zip,1554995570
20190404.zip,1555600363
20190411.zip,1555687582
20190412.zip,1556201371
20190418.zip,1556291347
20190419.zip,1556378395
20190420.zip,1556731958
20190424.zip,1556823571
20190425.zip,1557160841
20190426.zip,1557407818
20190502.zip,1557519307
20190503.zip,1557606353
20190504.zip,1557850396
20190507.zip,1558015854
20190509.zip,1558123668
20190510.zip,1558635619
20190516.zip,1559237998
20190523.zip,1559587209
20190527.zip,1559831878
20190530.zip,1560263118
20190603.zip,1560468937
20190606.zip,1560541320
20190607.zip,1560698726
20190609.zip,1560794090
20190610.zip,1560964497
20190612.zip,1561645765
20190620.zip,1561751125
20190621.zip,1561992594
20190624.zip,1562693325
20190702.zip,1562876117
20190704.zip,1563225037
20190708.zip,1563485767
20190711.zip,1563556670
20190712.zip,1563987261
20190717.zip,1564081513
20190718.zip,1564401889
20190719.zip,1564677731
20190725.zip,1564764798
20190726.zip,1565283193
20190801.zip,1565361861
20190802.zip,1565882081
20190808.zip,1565955722
20190809.zip,1566320900
20190813.zip,1566512652
20190815.zip,1567102812
20190822.zip,1567710748
20190829.zip,1567796024
20190830.zip,1568049161
20190902.zip,1568311317
20190905.zip,1568907866
20190912.zip,1569085194
20190914.zip,1569368247
20190917.zip,1569512869
20190919.zip,1570119063
20190926.zip,1570738884
20191003.zip,1570888708
20191005.zip,1571164413
20191008.zip,1571253630
20191009.zip,1571341522
20191010.zip,1571443981
20191011.zip,1571691883
20191014.zip,1571949479
20191017.zip,1572550532
20191024.zip,1573060340
20191030.zip,1573060969
20191114.zip,1574889891
20191120.zip,1575072999
20191123.zip,1575309158
20191125.zip,1575389547
20191126.zip,1575578694
20191128.zip,1575994969
20191203.zip,1576272183
20191206.zip,1576523571
20191209.zip,1576610689
20191210.zip,1576777318
20191211.zip,1577123216
20191216.zip,1577483479
20191220.zip,1577724285
20191223.zip,1577991944
20191226.zip,1578586706
20200102.zip,1579203988
20200109.zip,1579817154
20200116.zip,1580398852
20200123.zip,1581006196
20200130.zip,1581606926
20200206.zip,1582209598
20200213.zip,1582577084
20200217.zip,1582818048
20200220.zip,1583436662
20200227.zip,1583771840
20200302.zip,1584036587
20200305.zip,1584373784
20200309.zip,1584449531
20200310.zip,1584547848
20200311.zip,1584643460
20200312.zip,1584737115
20200313.zip,1584991160
20200316.zip,1585056942
20200317.zip,1585345190
20200320.zip,1585597654
20200323.zip,1585922815
20200326.zip,1586443667
20200402.zip,1586605428
20200404.zip,1587042999
20200409.zip,1587665223
20200416.zip,1588362418
20200424.zip,1588808003
20200429.zip,1589230829
20200504.zip,1589493098
20200507.zip,1589512149
20200508.zip,1590076642
20200514.zip,1590694766
20200521.zip,1590972816
20200522.zip,1591138862
20200526.zip,1591366206
20200528.zip,1591647526
20200601.zip,1591830576
20200603.zip,1591972684
20200605.zip,1592521069
20200611.zip,1592691891
20200613.zip,1592855098
20200615.zip,1592939674
20200616.zip,1593122806
20200618.zip,1593616688
20200622.zip,1593706634
20200625.zip,1593865050
20200627.zip,1594056527
20200629.zip,1594225607
20200701.zip,1594305365
20200702.zip,1594925567
20200709.zip,1594992945
20200710.zip,1595284759
20200713.zip,1595537641
20200716.zip,1595965939
20200721.zip,1596137030
20200723.zip,1596312704
20200724.zip,1596555934
20200728.zip,1596813056
20200731.zip,1597174550
20200804.zip,1597360314
20200806.zip,1597512616
20200808.zip,1597952777
20200813.zip,1598641063
20200821.zip,1598901445
20200824.zip,1599162962
20200827.zip,1599245621
20200828.zip,1599660027
20200902.zip,1599929842
20200905.zip,1600375537
20200910.zip,1600967591
20200917.zip,1601416434
20200922.zip,1601584637
20200924.zip,1601666425
20200925.zip,1602190265
20201001.zip,1602270021
20201002.zip,1602788094
20201008.zip,1603320883
20201014.zip,1603480650
20201016.zip,1603816764
20201020.zip,1603998560
20201022.zip,1604099929
20201023.zip,1604362117
20201026.zip,1604613877
20201029.zip,1605292471
20201106.zip,1605536096
20201109.zip,1605823871
20201112.zip,1606341061
20201118.zip,1606953256
20201125.zip,1607107620
20201127.zip,1607464905
20201201.zip,1607642608
20201203.zip,1608075815
20201208.zip,1608160877
20201209.zip,1608316696
20201211.zip,1608761623
20201216.zip,1609442787
20201224.zip,1610058259
20201231.zip,1610139747
20210101.zip,1610199723
20210102.zip,1610637655
20210107.zip,1610751106
20210108.zip,1611263706
20210114.zip,1611864425
20210121.zip,1612205206
20210125.zip,1612463875
20210128.zip,1612969205
20210203.zip,1613154396
20210205.zip,1613597128
20210210.zip,1613675454
20210211.zip,1613751417
20210212.zip,1614027747
20210215.zip,1614212737
20210217.zip,1614375346
20210219.zip,1614816705
20210224.zip,1615508699
20210304.zip,1615981094
20210310.zip,1616071301
20210311.zip,1616183242
20210312.zip,1616617206
20210317.zip,1616861303
20210320.zip,1617226943
20210324.zip,1617409511
20210326.zip,1617654360
20210329.zip,1618259354
20210405.zip,1618522862
20210408.zip,1618610749
20210409.zip,1618954577
20210413.zip,1619648864
20210421.zip,1619818798
20210423.zip,1620079985
20210426.zip,1620420838
20210430.zip,1621010067
20210507.zip,1621368806
20210511.zip,1621630169
20210514.zip,1622063758
20210519.zip,1622231136
20210521.zip,1622407377
20210522.zip,1622831422
20210528.zip,1623089764
20210531.zip,1623257301
20210602.zip,1623355849
20210603.zip,1623700650
20210607.zip,1624033566
20210611.zip,1624319084
20210614.zip,1624391149
20210615.zip,1624550432
20210617.zip,1624854224
20210618.zip,1625072183
20210623.zip,1625249580
20210625.zip,1625782627
20210701.zip,1626296256
20210707.zip,1626458426
20210709.zip,1626978164
20210715.zip,1627505493
20210721.zip,1628113873
20210728.zip,1628710418
20210804.zip,1628887362
20210806.zip,1629147827
20210809.zip,1629415550
20210812.zip,1629493853
20210813.zip,1629575442
20210814.zip,1629746994
20210816.zip,1629998253
20210819.zip,1630425747
20210824.zip,1630511976
20210825.zip,1631054814
20210831.zip,1631197605
20210902.zip,1631804249
20210909.zip,1632264618
20210914.zip,1632437305
20210916.zip,1632867648
20210921.zip,1633046242
20210923.zip,1633375299
20210927.zip,1633545425
20210929.zip,1634225104
20211007.zip,1634525331
20211011.zip,1634768951
20211013.zip,1634843719
20211014.zip,1635186024
20211018.zip,1635270046
20211019.zip,1635454861
20211021.zip,1635964478
20211027.zip,1636586818
20211103.zip,1636752504
20211105.zip,1636934376
20211107.zip,1637261160
20211111.zip,1637688781
20211116.zip,1638566270
20211126.zip,1638822822
20211129.zip,1639418289
20211206.zip,1639682537
20211209.zip,1640792661
20211222.zip,1641316823
20211228.zip,1641513334
20211230.zip,1641592990
20211231.zip,1641834321
20220103.zip,1642107943
20220106.zip,1642711326
20220113.zip,1643303810
20220120.zip,1643395769
20220121.zip,1643925740
20220127.zip,1644610180
20220204.zip,1645563377
20220215.zip,1645743971
20220217.zip,1646240215
20220223.zip,1646684231
20220228.zip,1646840346
20220302.zip,1646946662
20220303.zip,1647049375
20220304.zip,1647475735
20220309.zip,1647541722
20220310.zip,1647714451
20220312.zip,1647830054
20220314.zip,1648086851
20220317.zip,1648513025
20220321.zip,1648593119
20220322.zip,1648670508
20220323.zip,1648833199
20220325.zip,1649284435
20220330.zip,1649508233
20220402.zip,1649717046
20220404.zip,1649787779
20220405.zip,1650044230
20220408.zip,1651015805
20220419.zip,1651182024
20220421.zip,1651274461
20220422.zip,1651591733
20220426.zip,1651889162
20220430.zip,1652052424
20220501.zip,1652123198
20220502.zip,1652368738
20220505.zip,1652452682
20220506.zip,1652913585
20220511.zip,1653083000
20220513.zip,1653083002
20220524.zip,1654212168
20220526.zip,1654263650
20220527.zip,1654635195
20220531.zip,1654809826
20220602.zip,1654898470
20220603.zip,1655414430
20220609.zip,1655504513
20220610.zip,1656023592
20220616.zip,1656628793
20220623.zip,1657215281
20220630.zip,1657315802
20220701.zip,1657749353
20220706.zip,1658261151
20220712.zip,1658861193
20220719.zip,1658946997
20220720.zip,1659126733
20220722.zip,1659567420
20220727.zip,1660174576
20220803.zip,1660569026
20220808.zip,1660623046
20220809.zip,1660757721
20220810.zip,1660864376
20220811.zip,1660945988
20220812.zip,1661216338
20220816.zip,1661370779
20220817.zip,1661821260
20220823.zip,1661992407
20220825.zip,1662159057
20220826.zip,1662662594
20220901.zip,1663020405
20220905.zip,1663101270
20220906.zip,1663278353
20220908.zip,1663637271
20220913.zip,1663801912
20220914.zip,1663965588
20220916.zip,1664415754
20220922.zip,1664580283
20220923.zip,1665085501
20220929.zip,1665619126
20221005.zip,1665775824
20221007.zip,1666138182
20221011.zip,1666284947
20221013.zip,1666895107
20221019.zip,1666899093
20221020.zip,1666967191
20221021.zip,1667602439
20221028.zip,1667614982
20221029.zip,1668129685
20221104.zip,1668642178
20221109.zip,1669069966
20221114.zip,1669673660
20221121.zip,1669853122
20221123.zip,1669924025
20221124.zip,1670262158
20221128.zip,1670464781
20221201.zip,1670956342
20221206.zip,1671213790
20221209.zip,1671579250
20221213.zip,1671743565
20221215.zip,1672348451
20221222.zip,1672879847
20221229.zip,1673467957
20230104.zip,1674593305
20230117.zip,1675203765
20230124.zip,1675292410
20230125.zip,1675467271
20230127.zip,1675553994
20230128.zip,1675709438
20230130.zip,1675797770
20230131.zip,1675983972
20230202.zip,1676080012
20230203.zip,1677164973
20230216.zip,1677619172
20230221.zip,1677883291
20230224.zip,1678146274
20230227.zip,1678381283
20230302.zip,1678492711
20230303.zip,1678749993
20230306.zip,1679095209
20230310.zip,1679239047
20230312.zip,1679599399
20230316.zip,1679957669
20230320.zip,1680128912
20230322.zip,1680303590
20230324.zip,1680556367
20230327.zip,1680743595
20230329.zip,1680986563
20230401.zip,1681254287
20230404.zip,1681345920
20230405.zip,1681420737
20230406.zip,1681526114
20230408.zip,1681677865
20230409.zip,1681874077
20230412.zip,1682116807
20230414.zip,1682374010
20230417.zip,1683047090
20230425.zip,1683313540
20230428.zip,1683825746
20230504.zip,1683935604
20230505.zip,1684365451
20230510.zip,1684526323
20230512.zip,1685138583
20230519.zip,1685495873
20230523.zip,1685587346
20230525.zip,1685732300
20230526.zip,1686091685
20230530.zip,1686271786
20230602.zip,1686759409
20230607.zip,1686951720
20230609.zip,1687370510
20230614.zip,1687798901
20230619.zip,1687899313
20230620.zip,1688083791
20230622.zip,1688173025
20230623.zip,1688514789
20230627.zip,1688673348
20230629.zip,1688838041
20230701.zip,1689022654
20230703.zip,1689204575
20230705.zip,1689358279
20230707.zip,1689806659
20230712.zip,1689885243
20230713.zip,1690516209
20230721.zip,1691103600
20230727.zip,1691192216
20230728.zip,1691785164
20230804.zip,1692290111
20230810.zip,1692725444
20230815.zip,1692921164
20230817.zip,1693069777
20230819.zip,1693351441
20230822.zip,1693530755
20230824.zip,1693598937
20230825.zip,1694043776
20230830.zip,1694107378
20230831.zip,1694204977
20230901.zip,1694465787
20230904.zip,1694645883
20230906.zip,1694737460
20230907.zip,1694811390
20230908.zip,1695058152
20230911.zip,1695161036
20230912.zip,1695324084
20230914.zip,1695948408
20230921.zip,1696026732
20230922.zip,1696485984
20230928.zip,1696975710
20231003.zip,1697044358
20231004.zip,1697666715
20231011.zip,1698445321
20231020.zip,1699047206
20231027.zip,1699318215
20231031.zip,1699564165
20231102.zip,1700093767
20231108.zip,1700250406
20231110.zip,1700665658
20231114.zip,1700702820
20231116.zip,1701478933
20231125.zip,1701726715
20231127.zip,1701802382
20231128.zip,1701988867
20231130.zip,1702086688
20231202.zip,1702238082
20231203.zip,1702419415
20231205.zip,1702684781
20231208.zip,1702930740
20231211.zip,1703280292
20231215.zip,1703862809
20231221.zip,1704240083
20231226.zip,1704493375
20231229.zip,1704756922
20240101.zip,1704845522
20240102.zip,1704933264
20240103.zip,1705099889
20240105.zip,1706026155
20240111.zip,1706738491
20240124.zip,1706828553
20240125.zip,1706923299
20240127.zip,1707418340
20240201.zip,1707507348
20240202.zip,1707773699
20240205.zip,1708029735
20240208.zip,1708117094
20240209.zip,1708641454
20240215.zip,1709074573
20240220.zip,1709591015
20240226.zip,1709762235
20240228.zip,1710186896
20240304.zip,1710350945
20240306.zip,1710433543
20240307.zip,1710795516
20240311.zip,1710966612
20240313.zip,1711123945
20240315.zip,1711485132
20240319.zip,1711660822
20240321.zip,1712175609
20240327.zip,1712346994
20240329.zip,1712691805
20240402.zip,1712953910
20240405.zip,1713306254
20240409.zip,1713551541
20240412.zip,1713903860
20240416.zip,1714078973
20240418.zip,1714669377
20240425.zip,1715376851
20240503.zip,1715716235
20240507.zip,1715796625
20240508.zip,1716335519
20240514.zip,1716480041
20240515.zip,1716588478
20240517.zip,1716932996
20240521.zip,1717453041
20240527.zip,1717795335
20240531.zip,1718403261
20240607.zip,1718723884
20240611.zip,1718919618
20240613.zip,1719973385
20240625.zip,1720037083
20240626.zip,1720138236
20240627.zip,1720562465
20240702.zip,1720646617
20240703.zip,1721165278
20240709.zip,1721423132
20240712.zip,1721768165
20240716.zip,1721835152
20240717.zip,1722024627
20240719.zip,1722466034
20240724.zip,1722633041
20240726.zip,1722869665
20240729.zip,1723238427
20240802.zip,1723666887
20240807.zip,1723839205
20240809.zip,1724439972
20240816.zip,1725047805
20240823.zip,1725480779
20240828.zip,1726074036
20240904.zip,1726167712
20240905.zip,1727119072
20240916.zip,1727213160
20240917.zip,1727470357
20240920.zip,1727804556
20240924.zip,1727900890
20240925.zip,1728072624
20240927.zip,1728311016
20240930.zip,1728588771
20241003.zip,1729029424
20241008.zip,1729284716
20241011.zip,1729353562
20241012.zip,1729533343
20241014.zip,1729883551
20241018.zip,1730133194
20241021.zip,1730407654
20241024.zip,1730489746
20241025.zip,1730596730
20241027.zip,1731007939
20241031.zip,1731089826
20241101.zip,1731621166
20241107.zip,1732049378
20241112.zip,1732199465
20241113.zip,1732292959
20241115.zip,1733356458
20241127.zip,1733445204
20241128.zip,1734040728
20241205.zip,1734237233
20241208.zip,1734992164
20241216.zip,1735070807
20241217.zip,1735673075
20241224.zip,1735939266
20241227.zip,1736480909
20250102.zip,1736888607
20250106.zip,1737058983
20250109.zip,1737151056
20250110.zip,1737488095
20250114.zip,1738014809
20250120.zip,1738685561
20250128.zip,1738791244
20250129.zip,1738949472
20250131.zip,1739504954
20250206.zip,1739571542
20250207.zip,1740173962
20250214.zip,1740526547
20250218.zip,1740605148
20250219.zip,1741124524
20250225.zip,1741301050
20250227.zip,1741723164
20250304.zip,1741792667
20250305.zip,1742572120
20250313.zip,1742836246
20250317.zip,1742995519
20250319.zip,1743108254
20250320.zip,1743190259
20250321.zip,1743540841
20250325.zip,1743707878
20250327.zip,1744057082
20250331.zip,1744142923
20250401.zip,1744406670
20250404.zip,1744822555
20250409.zip,1744999214
20250411.zip,1745519010
20250417.zip,1745961541
20250422.zip,1746131758
20250424.zip,1746458944
20250428.zip,1746800925
20250501.zip,1747166105
20250506.zip,1747233275
20250507.zip,1747343160
20250508.zip,1747772518
20250513.zip,1747947155
20250515.zip,1748029146
20250516.zip,1748466245
20250521.zip,1748553764
20250522.zip,1748898548
20250526.zip,1748983257
20250527.zip,1749126588
20250528.zip,1749243579
20250530.zip,1749762746
20250605.zip,1749845239
20250606.zip,1750000561
20250608.zip,1750101287
20250609.zip,1750431084
20250613.zip,1750878064
20250618.zip,1751053195
20250620.zip,1751309335
20250623.zip,1751487597
20250625.zip,1751577458
20250626.zip,1752165796
20250703.zip,1752684977
20250709.zip,1753128563
20250714.zip,1753214883
20250715.zip,1753464569
20250718.zip,1753734247
20250721.zip,1753992990
20250723.zip,1754060694
20250724.zip,1754343258
20250728.zip,1754434683
20250729.zip,1754495118
20250730.zip,1754583879
20250731.zip,1755012136
20250805.zip,1755123035
20250806.zip,1755200832
20250807.zip,1755574917
20250811.zip,1755726362
20250813.zip,1755790344
20250814.zip,1756151281
20250818.zip,1756257971
20250819.zip,1756403566
20250820.zip,1756503837
20250822.zip,1756915163
20250827.zip,1757026999
20250828.zip,1757365113
20250901.zip,1757603620
20250904.zip,1758041604
20250909.zip,1758556345
20250912.zip,1758568491
20250915.zip,1758732572
20250917.zip,1759176403
20250922.zip,1759261997
20250923.zip,1759437538
20250925.zip,1760479538
20251007.zip,1761083466
20251014.zip,1761672828
20251021.zip,1762285174
20251028.zip,1762463771
20251030.zip,1762540658
20251031.zip,1762962467
20251105.zip,1763148596
20251107.zip,1763585479
20251112.zip,1763746538
20251114.zip,1764085987
20251118.zip,1764346650
20251119.zip,1764630238
20251124.zip,1764908735
20251127.zip,1765318191
20251202.zip,1765469926
20251203.zip,1765565059
20251205.zip,1765673247
20251206.zip,1766004917
20251210.zip,1766172825
20251212.zip,1766516302
20251216.zip,1767069433
20251222.zip,1767200805
20251224.zip,1767651059
20251229.zip,1767820240
20251231.zip,1767907728
20260101.zip,1768232169
20260102.zip,1768451104
20260107.zip,1769033168
20260114.zip,1769189519
20260116.zip,1769280872
20260117.zip,1769687770
20260121.zip,1769687772
20260123.zip,1769815846
